{"config": {"pkg": "./MLP", "execdate": "07-12-2024_05:05:56", "command": "pascalanalyzer -t aut -c 1,2,4,8,16,32 -i 500,707,1000,1414,2000 -o result.json ./MLP", "hostname": "r2n26.npad.internal", "kernel": "Linux-4.18.0-477.10.1.el8_8.x86_64-x86_64-with-glibc2.14", "disable_hyperthread": false, "auto_instrumentation": true, "idle_time": 0, "data_descriptor": {"values": ["start_time", "stop_time"], "extras": {"regions": {"values": ["start_time", "stop_time", "start_line", "stop_line", "thread_id", "filename"]}}, "keys": ["cores", "input", "repetitions"]}, "disable_cores": false, "discard_ompnt": true, "arguments": ["500", "707", "1000", "2000", "1414"]}, "data": {"32;0;1": {"start_time": 1733558756.460719, "stop_time": 1733558756.4883614}, "32;1;1": {"start_time": 1733558756.489107, "stop_time": 1733558756.4936814}, "32;2;1": {"start_time": 1733558756.494261, "stop_time": 1733558756.49858}, "32;3;1": {"start_time": 1733558756.499152, "stop_time": 1733558756.5032482}, "32;4;1": {"start_time": 1733558756.5037935, "stop_time": 1733558756.5074787}, "16;0;1": {"start_time": 1733558756.5079467, "stop_time": 1733558756.511479}, "16;1;1": {"start_time": 1733558756.5119376, "stop_time": 1733558756.5154665}, "16;2;1": {"start_time": 1733558756.5159142, "stop_time": 1733558756.5192504}, "16;3;1": {"start_time": 1733558756.519698, "stop_time": 1733558756.5228717}, "16;4;1": {"start_time": 1733558756.5233195, "stop_time": 1733558756.5270815}, "8;0;1": {"start_time": 1733558756.5276265, "stop_time": 1733558756.5314622}, "8;1;1": {"start_time": 1733558756.5319774, "stop_time": 1733558756.5354667}, "8;2;1": {"start_time": 1733558756.535918, "stop_time": 1733558756.5391598}, "8;3;1": {"start_time": 1733558756.5395997, "stop_time": 1733558756.5428667}, "8;4;1": {"start_time": 1733558756.543338, "stop_time": 1733558756.5467582}, "4;0;1": {"start_time": 1733558756.5472512, "stop_time": 1733558756.5507317}, "4;1;1": {"start_time": 1733558756.5511875, "stop_time": 1733558756.554445}, "4;2;1": {"start_time": 1733558756.5548806, "stop_time": 1733558756.5581715}, "4;3;1": {"start_time": 1733558756.5586028, "stop_time": 1733558756.5619326}, "4;4;1": {"start_time": 1733558756.5624082, "stop_time": 1733558756.566256}, "2;0;1": {"start_time": 1733558756.5668058, "stop_time": 1733558756.5706372}, "2;1;1": {"start_time": 1733558756.5711646, "stop_time": 1733558756.5745413}, "2;2;1": {"start_time": 1733558756.5749872, "stop_time": 1733558756.578368}, "2;3;1": {"start_time": 1733558756.5788043, "stop_time": 1733558756.5819347}, "2;4;1": {"start_time": 1733558756.5823832, "stop_time": 1733558756.5856583}, "1;0;1": {"start_time": 1733558756.5860975, "stop_time": 1733558756.5895016}, "1;1;1": {"start_time": 1733558756.589943, "stop_time": 1733558756.5933187}, "1;2;1": {"start_time": 1733558756.5937521, "stop_time": 1733558756.5969186}, "1;3;1": {"start_time": 1733558756.5974143, "stop_time": 1733558756.6010442}, "1;4;1": {"start_time": 1733558756.6015887, "stop_time": 1733558756.6053002}}}