{"config": {"pkg": "./MLP", "execdate": "28-01-2025_04:21:47", "command": "pascalanalyzer -t aut -c 1,2,4,8,16,32,64,128 -i 50,100,150,200,250,275 -o result.json ./MLP", "hostname": "r2n02.npad.internal", "kernel": "Linux-4.18.0-477.10.1.el8_8.x86_64-x86_64-with-glibc2.14", "disable_hyperthread": false, "auto_instrumentation": true, "idle_time": 0, "data_descriptor": {"values": ["start_time", "stop_time"], "extras": {"regions": {"values": ["start_time", "stop_time", "start_line", "stop_line", "thread_id", "filename"]}}, "keys": ["cores", "input", "repetitions"]}, "disable_cores": false, "discard_ompnt": true, "arguments": ["100", "50", "150", "275", "250", "200"]}, "data": {"128;0;1": {"start_time": 1738048907.19832, "stop_time": 1738048907.3328242}, "128;1;1": {"start_time": 1738048907.333508, "stop_time": 1738048907.33828}, "128;2;1": {"start_time": 1738048907.3388398, "stop_time": 1738048907.3428044}, "128;3;1": {"start_time": 1738048907.3433754, "stop_time": 1738048907.3473387}, "128;4;1": {"start_time": 1738048907.3478827, "stop_time": 1738048907.3516262}, "128;5;1": {"start_time": 1738048907.352171, "stop_time": 1738048907.3559244}, "64;0;1": {"start_time": 1738048907.356522, "stop_time": 1738048907.3601615}, "64;1;1": {"start_time": 1738048907.3606832, "stop_time": 1738048907.3641675}, "64;2;1": {"start_time": 1738048907.3647282, "stop_time": 1738048907.3681128}, "64;3;1": {"start_time": 1738048907.3686278, "stop_time": 1738048907.3722908}, "64;4;1": {"start_time": 1738048907.3728318, "stop_time": 1738048907.3767395}, "64;5;1": {"start_time": 1738048907.377286, "stop_time": 1738048907.3809757}, "32;0;1": {"start_time": 1738048907.3815196, "stop_time": 1738048907.3853557}, "32;1;1": {"start_time": 1738048907.3858743, "stop_time": 1738048907.389567}, "32;2;1": {"start_time": 1738048907.3901412, "stop_time": 1738048907.393836}, "32;3;1": {"start_time": 1738048907.3943756, "stop_time": 1738048907.3977811}, "32;4;1": {"start_time": 1738048907.3983464, "stop_time": 1738048907.4020746}, "32;5;1": {"start_time": 1738048907.4026127, "stop_time": 1738048907.4060602}, "16;0;1": {"start_time": 1738048907.4065971, "stop_time": 1738048907.4104524}, "16;1;1": {"start_time": 1738048907.4109776, "stop_time": 1738048907.4148588}, "16;2;1": {"start_time": 1738048907.415395, "stop_time": 1738048907.4192774}, "16;3;1": {"start_time": 1738048907.4198334, "stop_time": 1738048907.4236255}, "16;4;1": {"start_time": 1738048907.424157, "stop_time": 1738048907.427712}, "16;5;1": {"start_time": 1738048907.4282565, "stop_time": 1738048907.4318264}, "8;0;1": {"start_time": 1738048907.4323752, "stop_time": 1738048907.435843}, "8;1;1": {"start_time": 1738048907.4364612, "stop_time": 1738048907.4401653}, "8;2;1": {"start_time": 1738048907.4407237, "stop_time": 1738048907.4442515}, "8;3;1": {"start_time": 1738048907.4447906, "stop_time": 1738048907.448871}, "8;4;1": {"start_time": 1738048907.4494152, "stop_time": 1738048907.4529283}, "8;5;1": {"start_time": 1738048907.4535308, "stop_time": 1738048907.4570248}, "4;0;1": {"start_time": 1738048907.4575717, "stop_time": 1738048907.4611359}, "4;1;1": {"start_time": 1738048907.4616916, "stop_time": 1738048907.4652815}, "4;2;1": {"start_time": 1738048907.4658349, "stop_time": 1738048907.4697263}, "4;3;1": {"start_time": 1738048907.4702685, "stop_time": 1738048907.4740932}, "4;4;1": {"start_time": 1738048907.4746742, "stop_time": 1738048907.4783785}, "4;5;1": {"start_time": 1738048907.47891, "stop_time": 1738048907.4825022}, "2;0;1": {"start_time": 1738048907.4830234, "stop_time": 1738048907.4867506}, "2;1;1": {"start_time": 1738048907.487298, "stop_time": 1738048907.491012}, "2;2;1": {"start_time": 1738048907.4915767, "stop_time": 1738048907.4951324}, "2;3;1": {"start_time": 1738048907.4957254, "stop_time": 1738048907.4993436}, "2;4;1": {"start_time": 1738048907.4998753, "stop_time": 1738048907.503546}, "2;5;1": {"start_time": 1738048907.5040822, "stop_time": 1738048907.5074217}, "1;0;1": {"start_time": 1738048907.5079494, "stop_time": 1738048907.5115747}, "1;1;1": {"start_time": 1738048907.512125, "stop_time": 1738048907.5159934}, "1;2;1": {"start_time": 1738048907.5165286, "stop_time": 1738048907.520105}, "1;3;1": {"start_time": 1738048907.5206525, "stop_time": 1738048907.5242198}, "1;4;1": {"start_time": 1738048907.524795, "stop_time": 1738048907.5282774}, "1;5;1": {"start_time": 1738048907.5288358, "stop_time": 1738048907.532216}}}